{
  "single": {
    "accuracy": 0.831,
    "precision": 0.851380042462845,
    "recall": 0.802,
    "roc_auc": 0.9053450000000001
  },
  "diverse_ensemble": {
    "accuracy": 0.8295,
    "precision": 0.8516542155816436,
    "recall": 0.798,
    "roc_auc": 0.9040659999999999
  }
}